<?xml version="1.0" encoding="UTF-8"?>
<project-private xmlns="http://www.netbeans.org/ns/project-private/1">
    <editor-bookmarks xmlns="http://www.netbeans.org/ns/editor-bookmarks/2" lastBookmarkId="0"/>
    <open-files xmlns="http://www.netbeans.org/ns/projectui-open-files/2">
        <group>
            <file>file:/C:/Users/Chamodi/Desktop/Inventory/Inventory/src/Movement.java</file>
            <file>file:/C:/Users/Chamodi/Desktop/Inventory/Inventory/src/NewClass.java</file>
            <file>file:/C:/Users/Chamodi/Desktop/Inventory/Inventory/src/Add.java</file>
            <file>file:/C:/Users/Chamodi/Desktop/Inventory/Inventory/src/Availability.java</file>
            <file>file:/C:/Users/Chamodi/Desktop/Inventory/Inventory/src/Remove.java</file>
            <file>file:/C:/Users/Chamodi/Desktop/Inventory/Inventory/src/AddSuppliers.java</file>
            <file>file:/C:/Users/Chamodi/Desktop/Inventory/Inventory/src/Home.java</file>
            <file>file:/C:/Users/Chamodi/Desktop/Inventory/Inventory/src/Settings.java</file>
        </group>
    </open-files>
</project-private>
